"headline","description","image","link","pubDate"
"MARKET LIVE: Auto, tech stocks lead decline as Sensex tanks 600 pts - Business Standard","MARKET LIVE: Auto, tech stocks lead decline as Sensex tanks 600 ptsBusiness StandardView Full coverage on Google News","https://bsmedia.business-standard.com/_media/bs/img/article/2021-01/22/full/1611257857-3703.jpg","https://news.google.com/__i/rss/rd/articles/CBMijwFodHRwczovL3d3dy5idXNpbmVzcy1zdGFuZGFyZC5jb20vYXJ0aWNsZS9tYXJrZXRzL21hcmtldC1saXZlLXNlbnNleC1uaWZ0eS10ZWNoLW0tdGF0YS1tb3RvcnMtZWNvbm9taWMtc3VydmV5LTIwMjEtaW5kdXNpbmQtMTIxMDEyOTAwMTY2XzEuaHRtbNIBkwFodHRwczovL3dhcC5idXNpbmVzcy1zdGFuZGFyZC5jb20vYXJ0aWNsZS1hbXAvbWFya2V0cy9tYXJrZXQtbGl2ZS1zZW5zZXgtbmlmdHktdGVjaC1tLXRhdGEtbW90b3JzLWVjb25vbWljLXN1cnZleS0yMDIxLWluZHVzaW5kLTEyMTAxMjkwMDE2Nl8xLmh0bWw?oc=5","Fri, 29 Jan 2021 09:49:31 GMT"
"How GameStop Stock Became Hedge Fund's Worst Nightmare After a Reddit-Driven Frenzy Explained - News18","How GameStop Stock Became Hedge Fund's Worst Nightmare After a Reddit-Driven Frenzy ExplainedNews18View Full coverage on Google News","https://images.news18.com/ibnlive/uploads/2021/01/1611903461_gamestop.jpg","https://news.google.com/__i/rss/rd/articles/CBMibWh0dHBzOi8vd3d3Lm5ld3MxOC5jb20vbmV3cy9idXNpbmVzcy9nYW1lc3RvcC1zdG9jay1yZWRkaXQtd2FsbHN0cmVldC1iZXRzLWhlZGdlLWZ1bmRzLXJvYmluaG9vZC0zMzU5MDI3Lmh0bWzSAXFodHRwczovL3d3dy5uZXdzMTguY29tL2FtcC9uZXdzL2J1c2luZXNzL2dhbWVzdG9wLXN0b2NrLXJlZGRpdC13YWxsc3RyZWV0LWJldHMtaGVkZ2UtZnVuZHMtcm9iaW5ob29kLTMzNTkwMjcuaHRtbA?oc=5","Fri, 29 Jan 2021 07:09:16 GMT"
"Sun Pharma Q3 net doubles to ₹1,852 cr; declares interim dividend of ₹5.50 per share - Mint","Sun Pharma Q3 net doubles to ₹1,852 cr; declares interim dividend of ₹5.50 per shareMintView Full coverage on Google News","https://images.livemint.com/img/2021/01/29/600x338/d64e07d4-5a62-11eb-a466-8e86b70109f9_1611910437661_1611910470974.jpg","https://news.google.com/__i/rss/rd/articles/CBMingFodHRwczovL3d3dy5saXZlbWludC5jb20vY29tcGFuaWVzL2NvbXBhbnktcmVzdWx0cy9zdW4tcGhhcm1hLXEzLW5ldC1kb3VibGVzLXRvLXJzLTEtODUyLWNyLWRlY2xhcmVzLWludGVyaW0tZGl2aWRlbmQtb2YtcnMtNS01MC1wZXItc2hhcmUtMTE2MTE5MTAzMjc2NjAuaHRtbNIBogFodHRwczovL3d3dy5saXZlbWludC5jb20vY29tcGFuaWVzL2NvbXBhbnktcmVzdWx0cy9zdW4tcGhhcm1hLXEzLW5ldC1kb3VibGVzLXRvLXJzLTEtODUyLWNyLWRlY2xhcmVzLWludGVyaW0tZGl2aWRlbmQtb2YtcnMtNS01MC1wZXItc2hhcmUvYW1wLTExNjExOTEwMzI3NjYwLmh0bWw?oc=5","Fri, 29 Jan 2021 08:58:27 GMT"
"Bharti Airtel steals a march on 5G rivals, conducts live testing of service - Business Standard","Bharti Airtel steals a march on 5G rivals, conducts live testing of serviceBusiness StandardView Full coverage on Google News","https://bsmedia.business-standard.com/_media/bs/img/article/2021-01/29/full/1611865742-4073.jpg","https://news.google.com/__i/rss/rd/articles/CBMikgFodHRwczovL3d3dy5idXNpbmVzcy1zdGFuZGFyZC5jb20vYXJ0aWNsZS9jb21wYW5pZXMvYmhhcnRpLWFpcnRlbC1zdGVhbHMtYS1tYXJjaC1vbi01Zy1yaXZhbHMtY29uZHVjdHMtbGl2ZS10ZXN0aW5nLW9mLXNlcnZpY2UtMTIxMDEyOTAwMDU4XzEuaHRtbNIBlgFodHRwczovL3dhcC5idXNpbmVzcy1zdGFuZGFyZC5jb20vYXJ0aWNsZS1hbXAvY29tcGFuaWVzL2JoYXJ0aS1haXJ0ZWwtc3RlYWxzLWEtbWFyY2gtb24tNWctcml2YWxzLWNvbmR1Y3RzLWxpdmUtdGVzdGluZy1vZi1zZXJ2aWNlLTEyMTAxMjkwMDA1OF8xLmh0bWw?oc=5","Thu, 28 Jan 2021 20:24:00 GMT"
"M&M Financial Services reports Q3 net loss of ₹223 crore - BusinessLine","M&M Financial Services reports Q3 net loss of ₹223 croreBusinessLineView Full coverage on Google News","https://www.thehindubusinessline.com/markets/stock-markets/wkbqaj/article32337682.ece/ALTERNATES/LANDSCAPE_615/mahindra-financejpg","https://news.google.com/__i/rss/rd/articles/CBMigQFodHRwczovL3d3dy50aGVoaW5kdWJ1c2luZXNzbGluZS5jb20vbW9uZXktYW5kLWJhbmtpbmcvbW0tZmluYW5jaWFsLXNlcnZpY2VzLXJlcG9ydHMtcTMtbmV0LWxvc3Mtb2YtMjIzLWNyb3JlL2FydGljbGUzMzY4Njc5Ni5lY2XSAYYBaHR0cHM6Ly93d3cudGhlaGluZHVidXNpbmVzc2xpbmUuY29tL21vbmV5LWFuZC1iYW5raW5nL21tLWZpbmFuY2lhbC1zZXJ2aWNlcy1yZXBvcnRzLXEzLW5ldC1sb3NzLW9mLTIyMy1jcm9yZS9hcnRpY2xlMzM2ODY3OTYuZWNlL2FtcC8?oc=5","Thu, 28 Jan 2021 14:56:41 GMT"
"Stocks To Watch: Cipla, Dr. Reddy’s, IndusInd Bank, IOC, Sun Pharma, Tata Motors, Tech Mahindra, UPL - BloombergQuint","Stocks To Watch: Cipla, Dr. Reddy’s, IndusInd Bank, IOC, Sun Pharma, Tata Motors, Tech Mahindra, UPLBloombergQuintView Full coverage on Google News","https://gumlet.assettype.com/bloombergquint%2F2020-05%2F04c6df0f-bc75-40d2-ac54-ac2d6e1b0305%2F356566052.jpg?rect=0%2C340%2C3998%2C2099&w=1200&auto=format%2Ccompress&ogImage=true","https://news.google.com/__i/rss/rd/articles/CBMigQFodHRwczovL3d3dy5ibG9vbWJlcmdxdWludC5jb20vbWFya2V0cy9zdG9ja3MtdG8td2F0Y2gtY2lwbGEtZHItcmVkZHlzLWluZHVzaW5kLWJhbmstaW9jLXN1bi1waGFybWEtdGF0YS1tb3RvcnMtdGVjaC1tYWhpbmRyYS11cGzSAYUBaHR0cHM6Ly93d3cuYmxvb21iZXJncXVpbnQuY29tL2FtcC9tYXJrZXRzL3N0b2Nrcy10by13YXRjaC1jaXBsYS1kci1yZWRkeXMtaW5kdXNpbmQtYmFuay1pb2Mtc3VuLXBoYXJtYS10YXRhLW1vdG9ycy10ZWNoLW1haGluZHJhLXVwbA?oc=5","Fri, 29 Jan 2021 01:57:50 GMT"
"Gravitas: Europe's vaccine rollout disaster - WION","Gravitas: Europe's vaccine rollout disasterWIONView Full coverage on Google News","https://i.ytimg.com/vi/tStUzZSbTmk/maxresdefault.jpg","https://news.google.com/__i/rss/rd/articles/CBMiK2h0dHBzOi8vd3d3LnlvdXR1YmUuY29tL3dhdGNoP3Y9dFN0VXpaU2JUbWvSAQA?oc=5","Thu, 28 Jan 2021 17:58:07 GMT"
"TVS Motor net profit up 85% at Rs 290 crore in Q3, declares interim dividend of Rs 2.10/share - Moneycontrol.com","TVS Motor net profit up 85% at Rs 290 crore in Q3, declares interim dividend of Rs 2.10/shareMoneycontrol.comView Full coverage on Google News","https://images.moneycontrol.com/static-mcnews/2021/01/Earnings-1-2-770x433.jpg","https://news.google.com/__i/rss/rd/articles/CBMimwFodHRwczovL3d3dy5tb25leWNvbnRyb2wuY29tL25ld3MvYnVzaW5lc3MvZWFybmluZ3MvdHZzLW1vdG9yLW5ldC1wcm9maXQtdXAtODUtYXQtcnMtMjkwLWNyb3JlLWluLXEzLWRlY2xhcmVzLWludGVyaW0tZGl2aWRlbmQtb2YtcnMtMi0xMHNoYXJlLTY0MTEyMDEuaHRtbNIBnwFodHRwczovL3d3dy5tb25leWNvbnRyb2wuY29tL25ld3MvYnVzaW5lc3MvZWFybmluZ3MvdHZzLW1vdG9yLW5ldC1wcm9maXQtdXAtODUtYXQtcnMtMjkwLWNyb3JlLWluLXEzLWRlY2xhcmVzLWludGVyaW0tZGl2aWRlbmQtb2YtcnMtMi0xMHNoYXJlLTY0MTEyMDEuaHRtbC9hbXA?oc=5","Thu, 28 Jan 2021 13:42:00 GMT"
"Brookfield India Real Estate Trust IPO opens next week. Details here - Mint","Brookfield India Real Estate Trust IPO opens next week. Details hereMintView Full coverage on Google News","https://images.livemint.com/img/2021/01/29/600x338/real_estate1--621x414_1611910363535.jpg","https://news.google.com/__i/rss/rd/articles/CBMie2h0dHBzOi8vd3d3LmxpdmVtaW50LmNvbS9tYXJrZXQvaXBvL2Jyb29rZmllbGQtaW5kaWEtcmVhbC1lc3RhdGUtdHJ1c3QtaXBvLW9wZW5zLW5leHQtd2Vlay1kZXRhaWxzLWhlcmUtMTE2MTE5MTAyMjY2MjAuaHRtbNIBf2h0dHBzOi8vd3d3LmxpdmVtaW50LmNvbS9tYXJrZXQvaXBvL2Jyb29rZmllbGQtaW5kaWEtcmVhbC1lc3RhdGUtdHJ1c3QtaXBvLW9wZW5zLW5leHQtd2Vlay1kZXRhaWxzLWhlcmUvYW1wLTExNjExOTEwMjI2NjIwLmh0bWw?oc=5","Fri, 29 Jan 2021 08:53:51 GMT"
"Elon Musk Loses Round One Vs Indian American Student Who Sued Him - NDTV","Elon Musk Loses Round One Vs Indian American Student Who Sued HimNDTVView Full coverage on Google News","https://c.ndtvimg.com/2021-01/1ottdo78_ratandeep-hothi-650_625x300_29_January_21.jpg","https://news.google.com/__i/rss/rd/articles/CBMidmh0dHBzOi8vd3d3Lm5kdHYuY29tL3dvcmxkLW5ld3MvZWxvbi1tdXNrcy1jb3VydC1zZXRiYWNrLXZzLXJhbmRlZXAtaG90aGktaW5kaWFuLWFtZXJpY2FuLXN0dWRlbnQtd2hvLXN1ZWQtaGltLTIzNTk3NDLSAYsBaHR0cHM6Ly93d3cubmR0di5jb20vd29ybGQtbmV3cy9lbG9uLW11c2tzLWNvdXJ0LXNldGJhY2stdnMtcmFuZGVlcC1ob3RoaS1pbmRpYW4tYW1lcmljYW4tc3R1ZGVudC13aG8tc3VlZC1oaW0tMjM1OTc0Mj9hbXA9MSZha2FtYWktcnVtPW9mZg?oc=5","Fri, 29 Jan 2021 04:24:21 GMT"
"LG Balakrishnan Consolidated December 2020 Net Sales at Rs 498.28 crore, up 22.51% Y-o-Y - Moneycontrol.com","LG Balakrishnan Consolidated December 2020 Net Sales at Rs 498.28 crore, up 22.51% Y-o-YMoneycontrol.comView Full coverage on Google News","https://images.moneycontrol.com/static-mcnews/2017/04/shutterstock_310523045-462x435.jpg","https://news.google.com/__i/rss/rd/articles/CBMilwFodHRwczovL3d3dy5tb25leWNvbnRyb2wuY29tL25ld3MvYnVzaW5lc3MvZWFybmluZ3MvbGctYmFsYWtyaXNobmFuLWNvbnNvbGlkYXRlZC1kZWNlbWJlci0yMDIwLW5ldC1zYWxlcy1hdC1ycy00OTgtMjgtY3JvcmUtdXAtMjItNTEteS1vLXktNjQxNTA1MS5odG1s0gGbAWh0dHBzOi8vd3d3Lm1vbmV5Y29udHJvbC5jb20vbmV3cy9idXNpbmVzcy9lYXJuaW5ncy9sZy1iYWxha3Jpc2huYW4tY29uc29saWRhdGVkLWRlY2VtYmVyLTIwMjAtbmV0LXNhbGVzLWF0LXJzLTQ5OC0yOC1jcm9yZS11cC0yMi01MS15LW8teS02NDE1MDUxLmh0bWwvYW1w?oc=5","Fri, 29 Jan 2021 06:13:00 GMT"
"Stocks to Watch: Sun Pharma, Tech Mahindra, Tata Motors, Maruti Suzuki - Mint","Stocks to Watch: Sun Pharma, Tech Mahindra, Tata Motors, Maruti SuzukiMintView Full coverage on Google News","https://images.livemint.com/img/2021/01/29/600x338/9ccbe6d4-5c06-11eb-8e5d-99cb4893f085_1611832326496_1611886812913.jpg","https://news.google.com/__i/rss/rd/articles/CBMiiAFodHRwczovL3d3dy5saXZlbWludC5jb20vbWFya2V0L3N0b2NrLW1hcmtldC1uZXdzL3N0b2Nrcy10by13YXRjaC1zdW4tcGhhcm1hLXRlY2gtbWFoaW5kcmEtdGF0YS1tb3RvcnMtbWFydXRpLXN1enVraS0xMTYxMTg4NDU2NTQwMy5odG1s0gGMAWh0dHBzOi8vd3d3LmxpdmVtaW50LmNvbS9tYXJrZXQvc3RvY2stbWFya2V0LW5ld3Mvc3RvY2tzLXRvLXdhdGNoLXN1bi1waGFybWEtdGVjaC1tYWhpbmRyYS10YXRhLW1vdG9ycy1tYXJ1dGktc3V6dWtpL2FtcC0xMTYxMTg4NDU2NTQwMy5odG1s?oc=5","Fri, 29 Jan 2021 02:23:36 GMT"
"RBL Bank's Q3 net profit doubles to Rs 147 crore; stress in retail rises - Moneycontrol.com","RBL Bank's Q3 net profit doubles to Rs 147 crore; stress in retail risesMoneycontrol.comView Full coverage on Google News","https://images.moneycontrol.com/static-mcnews/2021/01/Earnings-1-2-770x433.jpg","https://news.google.com/__i/rss/rd/articles/CBMihwFodHRwczovL3d3dy5tb25leWNvbnRyb2wuY29tL25ld3MvYnVzaW5lc3MvZWFybmluZ3MvcmJsLWJhbmtzLXEzLW5ldC1wcm9maXQtZG91Ymxlcy10by1ycy0xNDctY3JvcmUtc3RyZXNzLWluLXJldGFpbC1yaXNlcy02NDExNzExLmh0bWzSAYsBaHR0cHM6Ly93d3cubW9uZXljb250cm9sLmNvbS9uZXdzL2J1c2luZXNzL2Vhcm5pbmdzL3JibC1iYW5rcy1xMy1uZXQtcHJvZml0LWRvdWJsZXMtdG8tcnMtMTQ3LWNyb3JlLXN0cmVzcy1pbi1yZXRhaWwtcmlzZXMtNjQxMTcxMS5odG1sL2FtcA?oc=5","Thu, 28 Jan 2021 14:58:00 GMT"
"Bank of Baroda Consolidated December 2020 Net Interest Income (NII) at Rs 8,508.16 crore, up 10.85% Y-o-Y - Moneycontrol.com","Bank of Baroda Consolidated December 2020 Net Interest Income (NII) at Rs 8,508.16 crore, up 10.85% Y-o-YMoneycontrol.comView Full coverage on Google News","https://images.moneycontrol.com/static-mcnews/2017/04/shutterstock_310523045-462x435.jpg","https://news.google.com/__i/rss/rd/articles/CBMipQFodHRwczovL3d3dy5tb25leWNvbnRyb2wuY29tL25ld3MvYnVzaW5lc3MvZWFybmluZ3MvYmFuay1vZi1iYXJvZGEtY29uc29saWRhdGVkLWRlY2VtYmVyLTIwMjAtbmV0LWludGVyZXN0LWluY29tZS1uaWktYXQtcnMtODUwOC0xNi1jcm9yZS11cC0xMC04NS15LW8teS02NDA0MjUxLmh0bWzSAakBaHR0cHM6Ly93d3cubW9uZXljb250cm9sLmNvbS9uZXdzL2J1c2luZXNzL2Vhcm5pbmdzL2Jhbmstb2YtYmFyb2RhLWNvbnNvbGlkYXRlZC1kZWNlbWJlci0yMDIwLW5ldC1pbnRlcmVzdC1pbmNvbWUtbmlpLWF0LXJzLTg1MDgtMTYtY3JvcmUtdXAtMTAtODUteS1vLXktNjQwNDI1MS5odG1sL2FtcA?oc=5","Wed, 27 Jan 2021 13:56:00 GMT"
"HCL to organise mega virtual recruitment drive on Feb. 12, 13 - The Hindu","HCL to organise mega virtual recruitment drive on Feb. 12, 13The HinduView Full coverage on Google News","https://www.thehindu.com/news/cities/Vijayawada/3wb0cv/article33690279.ece/ALTERNATES/LANDSCAPE_615/29ONGHCL","https://news.google.com/__i/rss/rd/articles/CBMif2h0dHBzOi8vd3d3LnRoZWhpbmR1LmNvbS9uZXdzL2NpdGllcy9WaWpheWF3YWRhL2hjbC10by1vcmdhbmlzZS1tZWdhLXZpcnR1YWwtcmVjcnVpdG1lbnQtZHJpdmUtb24tZmViLTEyLTEzL2FydGljbGUzMzY5MDI4MC5lY2XSAYQBaHR0cHM6Ly93d3cudGhlaGluZHUuY29tL25ld3MvY2l0aWVzL1ZpamF5YXdhZGEvaGNsLXRvLW9yZ2FuaXNlLW1lZ2EtdmlydHVhbC1yZWNydWl0bWVudC1kcml2ZS1vbi1mZWItMTItMTMvYXJ0aWNsZTMzNjkwMjgwLmVjZS9hbXAv?oc=5","Fri, 29 Jan 2021 02:50:36 GMT"
"Made-in-India Mahindra XUV300 scores 5-star in Africa crash test - Times of India","Made-in-India Mahindra XUV300 scores 5-star in Africa crash testTimes of IndiaView Full coverage on Google News","https://static.toiimg.com/thumb/msid-80569605,width-1070,height-580,imgsize-496866,resizemode-75,overlay-toi_sw,pt-32,y_pad-40/photo.jpg","https://news.google.com/__i/rss/rd/articles/CBMihwFodHRwczovL3RpbWVzb2ZpbmRpYS5pbmRpYXRpbWVzLmNvbS9hdXRvL2NhcnMvbWFkZS1pbi1pbmRpYS1tYWhpbmRyYS14dXYzMDAtc2NvcmVzLTUtc3Rhci1pbi1hZnJpY2EtY3Jhc2gtdGVzdC9hcnRpY2xlc2hvdy84MDU2OTU5OC5jbXPSAYIBaHR0cHM6Ly9tLnRpbWVzb2ZpbmRpYS5jb20vYXV0by9jYXJzL21hZGUtaW4taW5kaWEtbWFoaW5kcmEteHV2MzAwLXNjb3Jlcy01LXN0YXItaW4tYWZyaWNhLWNyYXNoLXRlc3QvYW1wX2FydGljbGVzaG93LzgwNTY5NTk4LmNtcw?oc=5","Fri, 29 Jan 2021 08:00:00 GMT"
"Will collapse if Reliance Industries deal does not go through: Future to HC - The Financial Express","Will collapse if Reliance Industries deal does not go through: Future to HCThe Financial ExpressView Full coverage on Google News","https://images.financialexpress.com/2020/12/reliance-industries.jpg","https://news.google.com/__i/rss/rd/articles/CBMifWh0dHBzOi8vd3d3LmZpbmFuY2lhbGV4cHJlc3MuY29tL2luZHVzdHJ5L3dpbGwtY29sbGFwc2UtaWYtcmVsaWFuY2UtaW5kdXN0cmllcy1kZWFsLWRvZXMtbm90LWdvLXRocm91Z2gtZnV0dXJlLXRvLWhjLzIxODExNTAv0gGCAWh0dHBzOi8vd3d3LmZpbmFuY2lhbGV4cHJlc3MuY29tL2luZHVzdHJ5L3dpbGwtY29sbGFwc2UtaWYtcmVsaWFuY2UtaW5kdXN0cmllcy1kZWFsLWRvZXMtbm90LWdvLXRocm91Z2gtZnV0dXJlLXRvLWhjLzIxODExNTAvbGl0ZS8?oc=5","Fri, 29 Jan 2021 02:15:00 GMT"
"Gold Demand Plunged to 11-year Low in 2020 as Virus Upended Trade: Report - News18","Gold Demand Plunged to 11-year Low in 2020 as Virus Upended Trade: ReportNews18View Full coverage on Google News","https://images.news18.com/ibnlive/uploads/2021/01/1610041363_gold.jpg","https://news.google.com/__i/rss/rd/articles/CBMid2h0dHBzOi8vd3d3Lm5ld3MxOC5jb20vbmV3cy9idXNpbmVzcy9nb2xkLWRlbWFuZC1wbHVuZ2VkLXRvLTExLXllYXItbG93LWluLTIwMjAtYXMtdmlydXMtdXBlbmRlZC10cmFkZS13Z2MtMzM1Mzc0Ny5odG1s0gF7aHR0cHM6Ly93d3cubmV3czE4LmNvbS9hbXAvbmV3cy9idXNpbmVzcy9nb2xkLWRlbWFuZC1wbHVuZ2VkLXRvLTExLXllYXItbG93LWluLTIwMjAtYXMtdmlydXMtdXBlbmRlZC10cmFkZS13Z2MtMzM1Mzc0Ny5odG1s?oc=5","Thu, 28 Jan 2021 06:27:00 GMT"
"Apple Doesn’t Want To Keep All Its Eggs In The China Basket? Focus Shifts To Made In India iPhones - News18","Apple Doesn’t Want To Keep All Its Eggs In The China Basket? Focus Shifts To Made In India iPhonesNews18View Full coverage on Google News","https://images.news18.com/ibnlive/uploads/2020/11/1605766446_apple-iphone-12-mini-2.jpg","https://news.google.com/__i/rss/rd/articles/CBMijgFodHRwczovL3d3dy5uZXdzMTguY29tL25ld3MvdGVjaC9hcHBsZS1kb2VzbnQtd2FudC10by1rZWVwLWFsbC1pdHMtZWdncy1pbi10aGUtY2hpbmEtYmFza2V0LWZvY3VzLXNoaWZ0cy10by1tYWRlLWluLWluZGlhLWlwaG9uZXMtMzM1MzY1NC5odG1s0gGSAWh0dHBzOi8vd3d3Lm5ld3MxOC5jb20vYW1wL25ld3MvdGVjaC9hcHBsZS1kb2VzbnQtd2FudC10by1rZWVwLWFsbC1pdHMtZWdncy1pbi10aGUtY2hpbmEtYmFza2V0LWZvY3VzLXNoaWZ0cy10by1tYWRlLWluLWluZGlhLWlwaG9uZXMtMzM1MzY1NC5odG1s?oc=5","Fri, 29 Jan 2021 03:30:55 GMT"
"Microsoft's New Office in Noida is 'Inspired by Taj Mahal' and Desi Twitter Wants Bill Gates to Hire Them - News18","Microsoft's New Office in Noida is 'Inspired by Taj Mahal' and Desi Twitter Wants Bill Gates to Hire ThemNews18View Full coverage on Google News","https://images.news18.com/ibnlive/uploads/2021/01/1611893709_untitled-design.jpg","https://news.google.com/__i/rss/rd/articles/CBMimQFodHRwczovL3d3dy5uZXdzMTguY29tL25ld3MvYnV6ei9taWNyb3NvZnRzLW5ldy1vZmZpY2UtaW4tbm9pZGEtaXMtaW5zcGlyZWQtYnktdGFqLW1haGFsLWFuZC1pbmRpYW5zLW9uLXR3aXR0ZXItd2FudC1iaWxsLWdhdGVzLXRvLWhpcmUtdGhlbS0zMzU4MDEwLmh0bWzSAZ0BaHR0cHM6Ly93d3cubmV3czE4LmNvbS9hbXAvbmV3cy9idXp6L21pY3Jvc29mdHMtbmV3LW9mZmljZS1pbi1ub2lkYS1pcy1pbnNwaXJlZC1ieS10YWotbWFoYWwtYW5kLWluZGlhbnMtb24tdHdpdHRlci13YW50LWJpbGwtZ2F0ZXMtdG8taGlyZS10aGVtLTMzNTgwMTAuaHRtbA?oc=5","Fri, 29 Jan 2021 04:17:00 GMT"
"Gold rates today struggle after 5-day fall, silver surges ₹2,200 in 2 days - Mint","Gold rates today struggle after 5-day fall, silver surges ₹2,200 in 2 daysMintView Full coverage on Google News","https://images.livemint.com/img/2021/01/29/600x338/2019-05-02T104618Z_1_LYNXNPEF410FF_RTROPTP_3_GLOBAL-METALS_1556878671931_1611890253720.JPG","https://news.google.com/__i/rss/rd/articles/CBMiiwFodHRwczovL3d3dy5saXZlbWludC5jb20vbWFya2V0L2NvbW1vZGl0aWVzL2dvbGQtcmF0ZXMtdG9kYXktc3RydWdnbGUtYWZ0ZXItNS1kYXktZmFsbC1zaWx2ZXItc3VyZ2VzLXJzLTItMjAwLWluLTItZGF5cy0xMTYxMTg5MDIwNDI3OS5odG1s0gGPAWh0dHBzOi8vd3d3LmxpdmVtaW50LmNvbS9tYXJrZXQvY29tbW9kaXRpZXMvZ29sZC1yYXRlcy10b2RheS1zdHJ1Z2dsZS1hZnRlci01LWRheS1mYWxsLXNpbHZlci1zdXJnZXMtcnMtMi0yMDAtaW4tMi1kYXlzL2FtcC0xMTYxMTg5MDIwNDI3OS5odG1s?oc=5","Fri, 29 Jan 2021 03:43:24 GMT"
"What should investors do with Colgate-Palmolive post-Q3 result: buy, sell or hold? - Moneycontrol.com","What should investors do with Colgate-Palmolive post-Q3 result: buy, sell or hold?Moneycontrol.comView Full coverage on Google News","https://images.moneycontrol.com/static-mcnews/2020/09/COLGATE-PALMOLIVE-770x433.jpg","https://news.google.com/__i/rss/rd/articles/CBMijgFodHRwczovL3d3dy5tb25leWNvbnRyb2wuY29tL25ld3MvYnVzaW5lc3Mvc3RvY2tzL3doYXQtc2hvdWxkLWludmVzdG9ycy1kby13aXRoLWNvbGdhdGUtcGFsbW9saXZlLXBvc3QtcTMtcmVzdWx0LWJ1eS1zZWxsLW9yLWhvbGQtNjQxNDQ0MS5odG1s0gGSAWh0dHBzOi8vd3d3Lm1vbmV5Y29udHJvbC5jb20vbmV3cy9idXNpbmVzcy9zdG9ja3Mvd2hhdC1zaG91bGQtaW52ZXN0b3JzLWRvLXdpdGgtY29sZ2F0ZS1wYWxtb2xpdmUtcG9zdC1xMy1yZXN1bHQtYnV5LXNlbGwtb3ItaG9sZC02NDE0NDQxLmh0bWwvYW1w?oc=5","Fri, 29 Jan 2021 04:22:00 GMT"
"Top buy and sell ideas by Mitessh Thakkar, Rajat Bose for short term - Moneycontrol.com","Top buy and sell ideas by Mitessh Thakkar, Rajat Bose for short termMoneycontrol.comView Full coverage on Google News","https://images.moneycontrol.com/static-mcnews/2017/03/BUY_Sell1-770x433.jpg","https://news.google.com/__i/rss/rd/articles/CBMihAFodHRwczovL3d3dy5tb25leWNvbnRyb2wuY29tL25ld3MvYnVzaW5lc3Mvc3RvY2tzL3RvcC1idXktYW5kLXNlbGwtaWRlYXMtYnktbWl0ZXNzaC10aGFra2FyLXJhamF0LWJvc2UtZm9yLXNob3J0LXRlcm0tMi02NDEyOTAxLmh0bWzSAYgBaHR0cHM6Ly93d3cubW9uZXljb250cm9sLmNvbS9uZXdzL2J1c2luZXNzL3N0b2Nrcy90b3AtYnV5LWFuZC1zZWxsLWlkZWFzLWJ5LW1pdGVzc2gtdGhha2thci1yYWphdC1ib3NlLWZvci1zaG9ydC10ZXJtLTItNjQxMjkwMS5odG1sL2FtcA?oc=5","Fri, 29 Jan 2021 03:12:00 GMT"
"2021 Renault Kiger makes global debut in India - Overdrive","2021 Renault Kiger makes global debut in IndiaOverdriveView Full coverage on Google News","https://stat.overdrive.in/wp-content/uploads/2021/01/renault-kiger-launch-23.jpg","https://news.google.com/__i/rss/rd/articles/CBMiV2h0dHBzOi8vd3d3Lm92ZXJkcml2ZS5pbi9uZXdzLWNhcnMtYXV0by8yMDIxLXJlbmF1bHQta2lnZXItbWFrZXMtZ2xvYmFsLWRlYnV0LWluLWluZGlhL9IBW2h0dHBzOi8vd3d3Lm92ZXJkcml2ZS5pbi9hbXAvbmV3cy1jYXJzLWF1dG8vMjAyMS1yZW5hdWx0LWtpZ2VyLW1ha2VzLWdsb2JhbC1kZWJ1dC1pbi1pbmRpYS8?oc=5","Thu, 28 Jan 2021 12:34:00 GMT"
"Microsoft's new office looks a lot like the Taj Mahal - Gadgets Now","Microsoft's new office looks a lot like the Taj MahalGadgets NowView Full coverage on Google News","https://static.toiimg.com/photo/80512669.cms","https://news.google.com/__i/rss/rd/articles/CBMicmh0dHBzOi8vd3d3LmdhZGdldHNub3cuY29tL3RlY2gtbmV3cy9taWNyb3NvZnRzLW5ldy1vZmZpY2UtbG9va3MtYS1sb3QtbGlrZS10aGUtdGFqLW1haGFsL2FydGljbGVzaG93LzgwNTEyNTQzLmNtc9IBdmh0dHBzOi8vd3d3LmdhZGdldHNub3cuY29tL3RlY2gtbmV3cy9taWNyb3NvZnRzLW5ldy1vZmZpY2UtbG9va3MtYS1sb3QtbGlrZS10aGUtdGFqLW1haGFsL2FtcF9hcnRpY2xlc2hvdy84MDUxMjU0My5jbXM?oc=5","Thu, 28 Jan 2021 14:26:00 GMT"
"Laurus Labs Q3 net profit zooms to ₹273 cr - BusinessLine","Laurus Labs Q3 net profit zooms to ₹273 crBusinessLineView Full coverage on Google News","https://www.thehindubusinessline.com/companies/uy77pg/article27939035.ece/ALTERNATES/LANDSCAPE_615/Laurus-Labs-Logojpg","https://news.google.com/__i/rss/rd/articles/CBMibGh0dHBzOi8vd3d3LnRoZWhpbmR1YnVzaW5lc3NsaW5lLmNvbS9jb21wYW5pZXMvbGF1cnVzLWxhYnMtcTMtbmV0LXByb2ZpdC16b29tcy10by0yNzMtY3IvYXJ0aWNsZTMzNjg0OTYyLmVjZdIBcWh0dHBzOi8vd3d3LnRoZWhpbmR1YnVzaW5lc3NsaW5lLmNvbS9jb21wYW5pZXMvbGF1cnVzLWxhYnMtcTMtbmV0LXByb2ZpdC16b29tcy10by0yNzMtY3IvYXJ0aWNsZTMzNjg0OTYyLmVjZS9hbXAv?oc=5","Thu, 28 Jan 2021 11:15:31 GMT"
"L&T flags off heavy reactors for HPCL - The Indian Express","L&T flags off heavy reactors for HPCLThe Indian Express","https://images.indianexpress.com/2020/10/larsentoubro-1200.jpg","https://news.google.com/__i/rss/rd/articles/CBMiVWh0dHBzOi8vaW5kaWFuZXhwcmVzcy5jb20vYXJ0aWNsZS9pbmRpYS9sdC1mbGFncy1vZmYtaGVhdnktcmVhY3RvcnMtZm9yLWhwY2wtNzE2NTk2MC_SAVpodHRwczovL2luZGlhbmV4cHJlc3MuY29tL2FydGljbGUvaW5kaWEvbHQtZmxhZ3Mtb2ZmLWhlYXZ5LXJlYWN0b3JzLWZvci1ocGNsLTcxNjU5NjAvbGl0ZS8?oc=5","Fri, 29 Jan 2021 00:35:34 GMT"
"How Reddit gamed the stock of GameStop - The Verge","How Reddit gamed the stock of GameStopThe VergeView Full coverage on Google News","https://i.ytimg.com/vi/zL2p85ltIvg/maxresdefault.jpg","https://news.google.com/__i/rss/rd/articles/CBMiK2h0dHBzOi8vd3d3LnlvdXR1YmUuY29tL3dhdGNoP3Y9ekwycDg1bHRJdmfSAQA?oc=5","Fri, 29 Jan 2021 01:32:04 GMT"
"Sensex, Nifty Post First Consecutive Weekly Drop In Eight Months - BloombergQuint","Sensex, Nifty Post First Consecutive Weekly Drop In Eight MonthsBloombergQuintView Full coverage on Google News","https://gumlet.assettype.com/bloombergquint%2F2020-12%2F9a57c3d3-ec82-4f0e-bfd9-61bc17a787a7%2F361648637.jpg?rect=0%2C541%2C3998%2C2099&w=1200&auto=format%2Ccompress&ogImage=true","https://news.google.com/__i/rss/rd/articles/CBMieGh0dHBzOi8vd3d3LmJsb29tYmVyZ3F1aW50LmNvbS9tYXJrZXRzL3N0b2NrLW1hcmtldHMtbGl2ZS1zZ3gtbmlmdHktaW5kaWNhdGVzLXJlYm91bmQtZWNvLXN1cnZleS11cGwtc3VuLXBoYXJtYS1pbi1mb2N1c9IBfGh0dHBzOi8vd3d3LmJsb29tYmVyZ3F1aW50LmNvbS9hbXAvbWFya2V0cy9zdG9jay1tYXJrZXRzLWxpdmUtc2d4LW5pZnR5LWluZGljYXRlcy1yZWJvdW5kLWVjby1zdXJ2ZXktdXBsLXN1bi1waGFybWEtaW4tZm9jdXM?oc=5","Fri, 29 Jan 2021 02:42:06 GMT"
"2021 Jeep Compass vs Hyundai Tucson vs MG Hector vs Tata Harrier: Price Comparison - carandbike","2021 Jeep Compass vs Hyundai Tucson vs MG Hector vs Tata Harrier: Price ComparisoncarandbikeView Full coverage on Google News","https://c.ndtvimg.com/2021-01/1rshev3o_jeep-compass_625x300_27_January_21.jpg","https://news.google.com/__i/rss/rd/articles/CBMieWh0dHBzOi8vd3d3LmNhcmFuZGJpa2UuY29tL25ld3MvMjAyMS1qZWVwLWNvbXBhc3MtdnMtaHl1bmRhaS10dWNzb24tdnMtbWctaGVjdG9yLXZzLXRhdGEtaGFycmllci1wcmljZS1jb21wYXJpc29uLTIzNTg2OTjSAX1odHRwczovL3d3dy5jYXJhbmRiaWtlLmNvbS9uZXdzLzIwMjEtamVlcC1jb21wYXNzLXZzLWh5dW5kYWktdHVjc29uLXZzLW1nLWhlY3Rvci12cy10YXRhLWhhcnJpZXItcHJpY2UtY29tcGFyaXNvbi0yMzU4Njk4L2FtcA?oc=5","Wed, 27 Jan 2021 08:12:45 GMT"
"Dogecoin Price Jumps 70% as Retail Investors Try to Recreate Gme’s Rally - CryptoGlobe","Dogecoin Price Jumps 70% as Retail Investors Try to Recreate Gme’s RallyCryptoGlobeView Full coverage on Google News","https://cryptoglobe.s3.eu-west-2.amazonaws.com/2021/01/shiba-inu-3087207_1280-450x300.jpg","https://news.google.com/__i/rss/rd/articles/CBMicmh0dHBzOi8vd3d3LmNyeXB0b2dsb2JlLmNvbS9sYXRlc3QvMjAyMS8wMS9kb2dlY29pbi1wcmljZS1qdW1wcy03MC1hcy1yZXRhaWwtaW52ZXN0b3JzLXRyeS10by1yZWNyZWF0ZS1nbWVzLXJhbGx5L9IBdmh0dHBzOi8vd3d3LmNyeXB0b2dsb2JlLmNvbS9sYXRlc3QvMjAyMS8wMS9kb2dlY29pbi1wcmljZS1qdW1wcy03MC1hcy1yZXRhaWwtaW52ZXN0b3JzLXRyeS10by1yZWNyZWF0ZS1nbWVzLXJhbGx5L2FtcC8?oc=5","Thu, 28 Jan 2021 12:32:47 GMT"
"Proud of our performance and 8 other things Apple CEO Tim Cook said about the company's India business - Gadgets Now","Proud of our performance and 8 other things Apple CEO Tim Cook said about the company's India businessGadgets NowView Full coverage on Google News","https://static.toiimg.com/thumb/msid-80550827,width-800,resizemode-4,imgsize-22843/share.jpg","https://news.google.com/__i/rss/rd/articles/CBMiogFodHRwczovL3d3dy5nYWRnZXRzbm93LmNvbS9zbGlkZXNob3dzL3Byb3VkLW9mLW91ci1wZXJmb3JtYW5jZS1hbmQtOC1vdGhlci10aGluZ3MtYXBwbGUtY2VvLXRpbS1jb29rLXNhaWQtYWJvdXQtdGhlLWNvbXBhbnlzLWluZGlhLWJ1c2luZXNzL3Bob3RvbGlzdC84MDU1MDc0NS5jbXPSAaYBaHR0cHM6Ly93d3cuZ2FkZ2V0c25vdy5jb20vYW1wL3NsaWRlc2hvd3MvcHJvdWQtb2Ytb3VyLXBlcmZvcm1hbmNlLWFuZC04LW90aGVyLXRoaW5ncy1hcHBsZS1jZW8tdGltLWNvb2stc2FpZC1hYm91dC10aGUtY29tcGFueXMtaW5kaWEtYnVzaW5lc3MvcGhvdG9saXN0LzgwNTUwNzQ1LmNtcw?oc=5","Fri, 29 Jan 2021 03:16:00 GMT"
"Branded petrol crosses Rs 100-mark in Rajasthan; prices at all-time high across the country - Economic Times","Branded petrol crosses Rs 100-mark in Rajasthan; prices at all-time high across the countryEconomic TimesView Full coverage on Google News","https://img.etimg.com/thumb/msid-80478492,width-1070,height-580,imgsize-106851,overlay-economictimes/photo.jpg","https://news.google.com/__i/rss/rd/articles/CBMioQFodHRwczovL2Vjb25vbWljdGltZXMuaW5kaWF0aW1lcy5jb20vaW5kdXN0cnkvYnJhbmRlZC1wZXRyb2wtY3Jvc3Nlcy1ycy0xMDAtbWFyay1pbi1yYWphc3RoYW4tcHJpY2VzLWF0LWFsbC10aW1lLWhpZ2gtYWNyb3NzLXRoZS1jb3VudHJ5L2FydGljbGVzaG93LzgwNDc4NDgzLmNtc9IBqwFodHRwczovL20uZWNvbm9taWN0aW1lcy5jb20vaW5kdXN0cnkvZW5lcmd5L29pbC1nYXMvYnJhbmRlZC1wZXRyb2wtY3Jvc3Nlcy1ycy0xMDAtbWFyay1pbi1yYWphc3RoYW4tcHJpY2VzLWF0LWFsbC10aW1lLWhpZ2gtYWNyb3NzLXRoZS1jb3VudHJ5L2FtcF9hcnRpY2xlc2hvdy84MDQ3ODQ4My5jbXM?oc=5","Wed, 27 Jan 2021 09:24:00 GMT"
"TikTok, Tik.... The clock's run out on ByteDance’s India dream - Economic Times","TikTok, Tik.... The clock's run out on ByteDance’s India dreamEconomic TimesView Full coverage on Google News","https://img.etimg.com/thumb/msid-80543935,width-1070,height-580,imgsize-98644,overlay-ettech/photo.jpg","https://news.google.com/__i/rss/rd/articles/CBMihQFodHRwczovL2Vjb25vbWljdGltZXMuaW5kaWF0aW1lcy5jb20vdGVjaC90ZWNoLWJ5dGVzL3Rpa3Rvay10aWstdGhlLWNsb2NrLXJ1bnMtb3V0LW9uLWJ5dGVkYW5jZXMtaW5kaWEtZHJlYW0vYXJ0aWNsZXNob3cvODA1NDM2ODcuY21z0gGAAWh0dHBzOi8vbS5lY29ub21pY3RpbWVzLmNvbS90ZWNoL3RlY2gtYnl0ZXMvdGlrdG9rLXRpay10aGUtY2xvY2stcnVucy1vdXQtb24tYnl0ZWRhbmNlcy1pbmRpYS1kcmVhbS9hbXBfYXJ0aWNsZXNob3cvODA1NDM2ODcuY21z?oc=5","Fri, 29 Jan 2021 01:18:00 GMT"
"Viral video: This toddler's giggle is infectious - Times of India","Viral video: This toddler's giggle is infectiousTimes of India","https://timesofindia.indiatimes.com/photo/80515523.cms","https://news.google.com/__i/rss/rd/articles/CBMiaWh0dHBzOi8vdGltZXNvZmluZGlhLmluZGlhdGltZXMuY29tL3ZpcmFsLXZpZGVvLXRoaXMtdG9kZGxlcnMtZ2lnZ2xlLWlzLWluZmVjdGlvdXMvdmlkZW9zaG93LzgwNTE1NTIzLmNtc9IBZGh0dHBzOi8vbS50aW1lc29maW5kaWEuY29tL3ZpcmFsLXZpZGVvLXRoaXMtdG9kZGxlcnMtZ2lnZ2xlLWlzLWluZmVjdGlvdXMvYW1wX3ZpZGVvc2hvdy84MDUxNTUyMy5jbXM?oc=5","Thu, 28 Jan 2021 17:44:00 GMT"
"Top stocks in focus: Adani Ports, Grasim, Tata Motors, Tech Mahindra, Vedanta, Pharma stocks - Indiainfoline","Top stocks in focus: Adani Ports, Grasim, Tata Motors, Tech Mahindra, Vedanta, Pharma stocksIndiainfolineView Full coverage on Google News","https://content.indiainfoline.com/_media/iifl/img/article/2019-06/03/full/1559544780-597.jpg","https://news.google.com/__i/rss/rd/articles/CBMinwFodHRwczovL3d3dy5pbmRpYWluZm9saW5lLmNvbS9hcnRpY2xlL25ld3MtdG9wLXN0b3J5L3RvcC1zdG9ja3MtaW4tZm9jdXMtYWRhbmktcG9ydHMtZ3Jhc2ltLXRhdGEtbW90b3JzLXRlY2gtbWFoaW5kcmEtdmVkYW50YS1waGFybWEtc3RvY2tzLTEyMTAxMjkwMDQwOV8xLmh0bWzSAaMBaHR0cHM6Ly93d3cuaW5kaWFpbmZvbGluZS5jb20vYXJ0aWNsZS1hbXAvbmV3cy10b3Atc3RvcnkvdG9wLXN0b2Nrcy1pbi1mb2N1cy1hZGFuaS1wb3J0cy1ncmFzaW0tdGF0YS1tb3RvcnMtdGVjaC1tYWhpbmRyYS12ZWRhbnRhLXBoYXJtYS1zdG9ja3MtMTIxMDEyOTAwNDA5XzEuaHRtbA?oc=5","Fri, 29 Jan 2021 01:31:00 GMT"
"Setback for Tata Steel, talks with SSAB to sell Dutch unit collapse - Moneycontrol.com","Setback for Tata Steel, talks with SSAB to sell Dutch unit collapseMoneycontrol.comView Full coverage on Google News","https://images.moneycontrol.com/static-mcnews/2020/09/Tata-Steel-Port-Talbot-770x433.jpg","https://news.google.com/__i/rss/rd/articles/CBMihAFodHRwczovL3d3dy5tb25leWNvbnRyb2wuY29tL25ld3MvYnVzaW5lc3MvY29tcGFuaWVzL3NldGJhY2stZm9yLXRhdGEtc3RlZWwtdGFsa3Mtd2l0aC1zc2FiLXRvLXNlbGwtZHV0Y2gtdW5pdC1jb2xsYXBzZS02NDE1MzMxLmh0bWzSAYgBaHR0cHM6Ly93d3cubW9uZXljb250cm9sLmNvbS9uZXdzL2J1c2luZXNzL2NvbXBhbmllcy9zZXRiYWNrLWZvci10YXRhLXN0ZWVsLXRhbGtzLXdpdGgtc3NhYi10by1zZWxsLWR1dGNoLXVuaXQtY29sbGFwc2UtNjQxNTMzMS5odG1sL2FtcA?oc=5","Fri, 29 Jan 2021 06:19:00 GMT"
"L&T bags an up to Rs 2,500 crore contract for Mumbai Ahmedabad bullet train - Moneycontrol.com","L&T bags an up to Rs 2,500 crore contract for Mumbai Ahmedabad bullet trainMoneycontrol.comView Full coverage on Google News","https://images.moneycontrol.com/static-mcnews/2017/09/Bullet-train-770x433.jpg","https://news.google.com/__i/rss/rd/articles/CBMigQFodHRwczovL3d3dy5tb25leWNvbnRyb2wuY29tL25ld3MvYnVzaW5lc3MvbHQtYmFncy1hbi11cC10by1ycy0yNTAwLWNyb3JlLWNvbnRyYWN0LWZvci1tdW1iYWktYWhtZWRhYmFkLWJ1bGxldC10cmFpbi02NDE0ODQxLmh0bWzSAYUBaHR0cHM6Ly93d3cubW9uZXljb250cm9sLmNvbS9uZXdzL2J1c2luZXNzL2x0LWJhZ3MtYW4tdXAtdG8tcnMtMjUwMC1jcm9yZS1jb250cmFjdC1mb3ItbXVtYmFpLWFobWVkYWJhZC1idWxsZXQtdHJhaW4tNjQxNDg0MS5odG1sL2FtcA?oc=5","Fri, 29 Jan 2021 05:15:00 GMT"
"How to know if your device is hacked - Mint","How to know if your device is hackedMint","https://images.livemint.com/img/2021/01/27/600x338/hacking-kWaG--621x414@LiveMint_1611751158048.jpg","https://news.google.com/__i/rss/rd/articles/CBMiXGh0dHBzOi8vd3d3LmxpdmVtaW50LmNvbS9uZXdzL2luZGlhL2hvdy10by1rbm93LWlmLXlvdXItZGV2aWNlLWlzLWhhY2tlZC0xMTYxMTc1MTAyNDc5Ni5odG1s0gFgaHR0cHM6Ly93d3cubGl2ZW1pbnQuY29tL25ld3MvaW5kaWEvaG93LXRvLWtub3ctaWYteW91ci1kZXZpY2UtaXMtaGFja2VkL2FtcC0xMTYxMTc1MTAyNDc5Ni5odG1s?oc=5","Wed, 27 Jan 2021 12:48:00 GMT"
"Zerodha CEO Nithin Kamath on GameStop, short squeeze and why Indian investors have nothing to fear - Moneycontrol.com","Zerodha CEO Nithin Kamath on GameStop, short squeeze and why Indian investors have nothing to fearMoneycontrol.com","https://images.moneycontrol.com/static-mcnews/2021/01/gameStop-770x433.jpg","https://news.google.com/__i/rss/rd/articles/CBMioQFodHRwczovL3d3dy5tb25leWNvbnRyb2wuY29tL25ld3MvYnVzaW5lc3MvbWFya2V0cy96ZXJvZGhhLWNlby1uaXRoaW4ta2FtYXRoLW9uLWdhbWVzdG9wLXNob3J0LXNxdWVlemUtYW5kLXdoeS1pbmRpYW4taW52ZXN0b3JzLWhhdmUtbm90aGluZy10by1mZWFyLTY0MTQ2MTEuaHRtbNIBpQFodHRwczovL3d3dy5tb25leWNvbnRyb2wuY29tL25ld3MvYnVzaW5lc3MvbWFya2V0cy96ZXJvZGhhLWNlby1uaXRoaW4ta2FtYXRoLW9uLWdhbWVzdG9wLXNob3J0LXNxdWVlemUtYW5kLXdoeS1pbmRpYW4taW52ZXN0b3JzLWhhdmUtbm90aGluZy10by1mZWFyLTY0MTQ2MTEuaHRtbC9hbXA?oc=5","Fri, 29 Jan 2021 05:28:00 GMT"
"Budget 2021: New taxes may be counterproductive, say auto industry leaders - HT Auto","Budget 2021: New taxes may be counterproductive, say auto industry leadersHT Auto","https://images.hindustantimes.com/auto/img/2021/01/28/600x338/d324c08eaed14827b6654886b1b6517f-d324c08eaed14827b6654886b1b6517f-1_1587202447421_1611852981442.jpg","https://news.google.com/__i/rss/rd/articles/CBMihgFodHRwczovL2F1dG8uaGluZHVzdGFudGltZXMuY29tL2F1dG8vbmV3cy9idWRnZXQtMjAyMS1uZXctdGF4ZXMtbWF5LWJlLWNvdW50ZXJwcm9kdWN0aXZlLXNheS1hdXRvLWluZHVzdHJ5LWxlYWRlcnMtNDE2MTE4MzU4OTE4NTIuaHRtbNIBigFodHRwczovL2F1dG8uaGluZHVzdGFudGltZXMuY29tL2F1dG8vbmV3cy9idWRnZXQtMjAyMS1uZXctdGF4ZXMtbWF5LWJlLWNvdW50ZXJwcm9kdWN0aXZlLXNheS1hdXRvLWluZHVzdHJ5LWxlYWRlcnMvYW1wLTQxNjExODM1ODkxODUyLmh0bWw?oc=5","Fri, 29 Jan 2021 02:38:32 GMT"
"BITS Pilani to invest ₹1,500 cr to set up B-school in Mumbai - Mint","BITS Pilani to invest ₹1,500 cr to set up B-school in MumbaiMintView Full coverage on Google News","https://images.livemint.com/img/2021/01/28/600x338/kmbirla-kFfG--621x414@LiveMint_1611828325623.jpg","https://news.google.com/__i/rss/rd/articles/CBMihAFodHRwczovL3d3dy5saXZlbWludC5jb20vZWR1Y2F0aW9uL25ld3MvYml0cy1waWxhbmktdG8taW52ZXN0LXJzLTEtNTAwLWNyb3JlLWZvci1uZXctYi1zY2hvb2wtaW4tbXVtYmFpLWttLWJpcmxhLTExNjExODI3OTcyMDkyLmh0bWzSAYgBaHR0cHM6Ly93d3cubGl2ZW1pbnQuY29tL2VkdWNhdGlvbi9uZXdzL2JpdHMtcGlsYW5pLXRvLWludmVzdC1ycy0xLTUwMC1jcm9yZS1mb3ItbmV3LWItc2Nob29sLWluLW11bWJhaS1rbS1iaXJsYS9hbXAtMTE2MTE4Mjc5NzIwOTIuaHRtbA?oc=5","Thu, 28 Jan 2021 17:55:07 GMT"
"Toyota beats Volkswagen to become world's No.1 car seller in 2020 - Reuters","Toyota beats Volkswagen to become world's No.1 car seller in 2020ReutersView Full coverage on Google News","https://static.reuters.com/resources/r/?m=02&d=20210128&t=2&i=1549389391&r=LYNXMPEH0R0BA&w=800","https://news.google.com/__i/rss/rd/articles/CBMiPWh0dHBzOi8vd3d3LnJldXRlcnMuY29tL2FydGljbGUvdXMtdG95b3RhLXNhbGVzLWlkVVNLQk4yOVgwSUnSATRodHRwczovL21vYmlsZS5yZXV0ZXJzLmNvbS9hcnRpY2xlL2FtcC9pZFVTS0JOMjlYMElJ?oc=5","Thu, 28 Jan 2021 05:27:00 GMT"
"All You Need To Know Going Into Trade On January 29 - BloombergQuint","All You Need To Know Going Into Trade On January 29BloombergQuintView Full coverage on Google News","https://gumlet.assettype.com/bloombergquint%2F2019-11%2F5e45b33c-d9c4-412c-895f-c84669094a25%2Findian_economy.jpg?rect=0%2C511%2C3998%2C2099&w=1200&auto=format%2Ccompress&ogImage=true","https://news.google.com/__i/rss/rd/articles/CBMiWmh0dHBzOi8vd3d3LmJsb29tYmVyZ3F1aW50LmNvbS9tYXJrZXRzL2FsbC15b3UtbmVlZC10by1rbm93LWdvaW5nLWludG8tdHJhZGUtb24tamFudWFyeS0yOdIBXmh0dHBzOi8vd3d3LmJsb29tYmVyZ3F1aW50LmNvbS9hbXAvbWFya2V0cy9hbGwteW91LW5lZWQtdG8ta25vdy1nb2luZy1pbnRvLXRyYWRlLW9uLWphbnVhcnktMjk?oc=5","Fri, 29 Jan 2021 01:41:04 GMT"
"Little girl's desperate act moments before grandfather's death - Yahoo India News","Little girl's desperate act moments before grandfather's deathYahoo India News","https://s.yimg.com/os/creatr-uploaded-images/2021-01/c09ac540-61dc-11eb-bd7d-0a83849aa409","https://news.google.com/__i/rss/rd/articles/CBMia2h0dHBzOi8vaW4ubmV3cy55YWhvby5jb20vZ2lybC1kZXNwZXJhdGUtYWN0LW1vbWVudHMtYmVmb3JlLWdyYW5kZmF0aGVycy1kZWF0aC1jYXItY29sbGlzaW9uLTA2MzkxOTg3NC5odG1s0gFzaHR0cHM6Ly9pbi5uZXdzLnlhaG9vLmNvbS9hbXBodG1sL2dpcmwtZGVzcGVyYXRlLWFjdC1tb21lbnRzLWJlZm9yZS1ncmFuZGZhdGhlcnMtZGVhdGgtY2FyLWNvbGxpc2lvbi0wNjM5MTk4NzQuaHRtbA?oc=5","Fri, 29 Jan 2021 06:39:00 GMT"
"Counterpoint: Apple took the lead in Q4, but Realme grew the most in 2020 - GSMArena.com news - GSMArena.com","Counterpoint: Apple took the lead in Q4, but Realme grew the most in 2020 - GSMArena.com newsGSMArena.comView Full coverage on Google News","https://fdn.gsmarena.com/imgroot/news/21/01/apple-realme-q4-2020/-476x249w4/gsmarena_000.jpg","https://news.google.com/__i/rss/rd/articles/CBMiZ2h0dHBzOi8vd3d3LmdzbWFyZW5hLmNvbS9jb3VudGVycG9pbnRfYXBwbGVfY2FwdHVyZWRfcTRfYnV0X3JlYWxtZV9ncmV3X3RoZV9tb3N0X2luXzIwMjAtbmV3cy00NzQ1Ni5waHDSAWRodHRwczovL20uZ3NtYXJlbmEuY29tL2NvdW50ZXJwb2ludF9hcHBsZV9jYXB0dXJlZF9xNF9idXRfcmVhbG1lX2dyZXdfdGhlX21vc3RfaW5fMjAyMC1hbXAtNDc0NTYucGhw?oc=5","Thu, 28 Jan 2021 22:01:01 GMT"
"ArcelorMittal Nippon Steel India inks Rs 5,000 crore pact with POSCO Maharashtra Steel to supply hot... - Moneycontrol.com","ArcelorMittal Nippon Steel India inks Rs 5,000 crore pact with POSCO Maharashtra Steel to supply hot...Moneycontrol.com","https://images.moneycontrol.com/static-mcnews/2019/04/ArcelorMittal-770x433.jpg","https://news.google.com/__i/rss/rd/articles/CBMiqAFodHRwczovL3d3dy5tb25leWNvbnRyb2wuY29tL25ld3MvYnVzaW5lc3MvYXJjZWxvcm1pdHRhbC1uaXBwb24tc3RlZWwtaW5kaWEtaW5rcy1ycy01MDAwLWNyb3JlLXBhY3Qtd2l0aC1wb3Njby1tYWhhcmFzaHRyYS1zdGVlbC10by1zdXBwbHktaG90LXJvbGxlZC1jb2lscy02NDE1NjgxLmh0bWzSAawBaHR0cHM6Ly93d3cubW9uZXljb250cm9sLmNvbS9uZXdzL2J1c2luZXNzL2FyY2Vsb3JtaXR0YWwtbmlwcG9uLXN0ZWVsLWluZGlhLWlua3MtcnMtNTAwMC1jcm9yZS1wYWN0LXdpdGgtcG9zY28tbWFoYXJhc2h0cmEtc3RlZWwtdG8tc3VwcGx5LWhvdC1yb2xsZWQtY29pbHMtNjQxNTY4MS5odG1sL2FtcA?oc=5","Fri, 29 Jan 2021 08:00:00 GMT"
"IndiGo’s cash burn dips in Q3, but skies remain hazy and yields low - Mint","IndiGo’s cash burn dips in Q3, but skies remain hazy and yields lowMintView Full coverage on Google News","https://images.livemint.com/img/2021/01/28/600x338/2021-01-20T230137Z_1_LYNXMPEH0J1PQ_RTROPTP_3_INTERGLOBE-STRATEGY_1611845207703_1611845224328.JPG","https://news.google.com/__i/rss/rd/articles/CBMiiwFodHRwczovL3d3dy5saXZlbWludC5jb20vbWFya2V0L21hcmstdG8tbWFya2V0L2luZGlnb3MtY2FzaC1idXJuLXJlZHVjZXMtaW4tcTMtYnV0LXRoZS1za2llcy1yZW1haW4taGF6eS1hbmQteWllbGRzLWxvdy0xMTYxMTg0NTE4NTI5OC5odG1s0gGPAWh0dHBzOi8vd3d3LmxpdmVtaW50LmNvbS9tYXJrZXQvbWFyay10by1tYXJrZXQvaW5kaWdvcy1jYXNoLWJ1cm4tcmVkdWNlcy1pbi1xMy1idXQtdGhlLXNraWVzLXJlbWFpbi1oYXp5LWFuZC15aWVsZHMtbG93L2FtcC0xMTYxMTg0NTE4NTI5OC5odG1s?oc=5","Thu, 28 Jan 2021 14:52:45 GMT"
"China's Changan Automobile Shuts Down India Office - Cancels Launch Plans - RushLane","China's Changan Automobile Shuts Down India Office - Cancels Launch PlansRushLaneView Full coverage on Google News","https://www.rushlane.com/wp-content/uploads/2021/01/changan-automobile-india-cars-1.jpg","https://news.google.com/__i/rss/rd/articles/CBMiUWh0dHBzOi8vd3d3LnJ1c2hsYW5lLmNvbS9jaGFuZ2FuLWF1dG9tb2JpbGUtc2h1dHMtZG93bi1pbmRpYS1vZmZpY2UtMTIzOTE5OTcuaHRtbNIBVWh0dHBzOi8vd3d3LnJ1c2hsYW5lLmNvbS9hbXAvY2hhbmdhbi1hdXRvbW9iaWxlLXNodXRzLWRvd24taW5kaWEtb2ZmaWNlLTEyMzkxOTk3Lmh0bWw?oc=5","Fri, 29 Jan 2021 07:32:00 GMT"
"India’s first IPO listing of 2021 IRFC lists at 4% discount over issue price - Business Insider India","India’s first IPO listing of 2021 IRFC lists at 4% discount over issue priceBusiness Insider IndiaView Full coverage on Google News","https://www.businessinsider.in/photo/80557304/indias-first-ipo-listing-of-2021-irfc-lists-at-4-discount-over-issue-price.jpg?imgsize=135114","https://news.google.com/__i/rss/rd/articles/CBMilAFodHRwczovL3d3dy5idXNpbmVzc2luc2lkZXIuaW4vc3RvY2stbWFya2V0L25ld3MvaW5kaWFzLWZpcnN0LWlwby1saXN0aW5nLW9mLTIwMjEtaXJmYy1saXN0cy1hdC00LWRpc2NvdW50LW92ZXItaXNzdWUtcHJpY2UvYXJ0aWNsZXNob3cvODA1NTczMDQuY21z0gGYAWh0dHBzOi8vd3d3LmJ1c2luZXNzaW5zaWRlci5pbi9zdG9jay1tYXJrZXQvbmV3cy9pbmRpYXMtZmlyc3QtaXBvLWxpc3Rpbmctb2YtMjAyMS1pcmZjLWxpc3RzLWF0LTQtZGlzY291bnQtb3Zlci1pc3N1ZS1wcmljZS9hbXBfYXJ0aWNsZXNob3cvODA1NTczMDQuY21z?oc=5","Fri, 29 Jan 2021 04:47:00 GMT"
"Saudi crown prince Mohammed bin Salman announces plan for Riyadh - The Siasat Daily","Saudi crown prince Mohammed bin Salman announces plan for RiyadhThe Siasat DailyView Full coverage on Google News","https://cdn.siasat.com/wp-content/uploads/2020/03/R-saudi-crown-prince.jpg","https://news.google.com/__i/rss/rd/articles/CBMiTGh0dHBzOi8vd3d3LnNpYXNhdC5jb20vc2F1ZGktY3Jvd24tcHJpbmNlLWFubm91bmNlcy1wbGFuLWZvci1yaXlhZGgtMjA3ODIyOC_SAVBodHRwczovL3d3dy5zaWFzYXQuY29tL3NhdWRpLWNyb3duLXByaW5jZS1hbm5vdW5jZXMtcGxhbi1mb3Itcml5YWRoLTIwNzgyMjgvYW1wLw?oc=5","Fri, 29 Jan 2021 01:29:00 GMT"
"This Is What Citroen's First Electric Car For India Could Look Like - GaadiWaadi.com","This Is What Citroen's First Electric Car For India Could Look LikeGaadiWaadi.comView Full coverage on Google News","https://gaadiwaadi.com/wp-content/uploads/2021/01/citroen-electric-car-india-1.jpg","https://news.google.com/__i/rss/rd/articles/CBMiWmh0dHBzOi8vZ2FhZGl3YWFkaS5jb20vdGhpcy1pcy13aGF0LWNpdHJvZW5zLWZpcnN0LWVsZWN0cmljLWNhci1mb3ItaW5kaWEtY291bGQtbG9vay1saWtlL9IBXmh0dHBzOi8vZ2FhZGl3YWFkaS5jb20vdGhpcy1pcy13aGF0LWNpdHJvZW5zLWZpcnN0LWVsZWN0cmljLWNhci1mb3ItaW5kaWEtY291bGQtbG9vay1saWtlL2FtcC8?oc=5","Thu, 28 Jan 2021 14:53:00 GMT"
"Renault Kiger Sub-4M SUV Revealed – Detailed In A Walkaround Video - GaadiWaadi.com","Renault Kiger Sub-4M SUV Revealed – Detailed In A Walkaround VideoGaadiWaadi.comView Full coverage on Google News","https://gaadiwaadi.com/wp-content/uploads/2021/01/renault-kiger-suv-india-1.jpg","https://news.google.com/__i/rss/rd/articles/CBMiWGh0dHBzOi8vZ2FhZGl3YWFkaS5jb20vcmVuYXVsdC1raWdlci1zdWItNG0tc3V2LXJldmVhbGVkLWRldGFpbGVkLWluLWEtd2Fsa2Fyb3VuZC12aWRlby_SAVxodHRwczovL2dhYWRpd2FhZGkuY29tL3JlbmF1bHQta2lnZXItc3ViLTRtLXN1di1yZXZlYWxlZC1kZXRhaWxlZC1pbi1hLXdhbGthcm91bmQtdmlkZW8vYW1wLw?oc=5","Fri, 29 Jan 2021 02:00:00 GMT"
"2021 Benelli TRK 502 BS6 Launched In India At Rs. 4.79 Lakh - GaadiWaadi.com","2021 Benelli TRK 502 BS6 Launched In India At Rs. 4.79 LakhGaadiWaadi.comView Full coverage on Google News","https://gaadiwaadi.com/wp-content/uploads/2021/01/2021-BENELLI-TRK-502-BS6-LAUNCHED-INDIA.jpg","https://news.google.com/__i/rss/rd/articles/CBMiUmh0dHBzOi8vZ2FhZGl3YWFkaS5jb20vMjAyMS1iZW5lbGxpLXRyay01MDItYnM2LWxhdW5jaGVkLWluLWluZGlhLWF0LXJzLTQtNzktbGFraC_SAVZodHRwczovL2dhYWRpd2FhZGkuY29tLzIwMjEtYmVuZWxsaS10cmstNTAyLWJzNi1sYXVuY2hlZC1pbi1pbmRpYS1hdC1ycy00LTc5LWxha2gvYW1wLw?oc=5","Fri, 29 Jan 2021 06:52:00 GMT"
"BJP Misses Minus Sign While Sharing Indias IMF GDP Growth Data - BOOM","BJP Misses Minus Sign While Sharing Indias IMF GDP Growth DataBOOMView Full coverage on Google News","https://www.boomlive.in/h-upload/2021/01/28/939912-bjp-misses-minus-sign-while-sharing-indias-imf-gdp-growth-data.jpg","https://news.google.com/__i/rss/rd/articles/CBMiWGh0dHBzOi8vd3d3LmJvb21saXZlLmluL2ZhY3QtY2hlY2svYmpwLWltZi10d2l0dGVyLWdkcC1ncm93dGgtOC0xMTUtMjAyMC1lc3RpbWF0ZXMtMTE3MzjSAVxodHRwczovL3d3dy5ib29tbGl2ZS5pbi9hbXAvZmFjdC1jaGVjay9ianAtaW1mLXR3aXR0ZXItZ2RwLWdyb3d0aC04LTExNS0yMDIwLWVzdGltYXRlcy0xMTczOA?oc=5","Wed, 27 Jan 2021 17:49:34 GMT"
"Karnataka signs MoU with Amazon India to help MSMEs export goods - The News Minute","Karnataka signs MoU with Amazon India to help MSMEs export goodsThe News MinuteView Full coverage on Google News","https://www.thenewsminute.com/sites/default/files/amazon_251120_Picxy_1200.jpg","https://news.google.com/__i/rss/rd/articles/CBMiZWh0dHBzOi8vd3d3LnRoZW5ld3NtaW51dGUuY29tL2FydGljbGUva2FybmF0YWthLXNpZ25zLW1vdS1hbWF6b24taW5kaWEtaGVscC1tc21lcy1leHBvcnQtZ29vZHMtMTQyMzkw0gFpaHR0cHM6Ly93d3cudGhlbmV3c21pbnV0ZS5jb20vYXJ0aWNsZS9rYXJuYXRha2Etc2lnbnMtbW91LWFtYXpvbi1pbmRpYS1oZWxwLW1zbWVzLWV4cG9ydC1nb29kcy0xNDIzOTA_YW1w?oc=5","Fri, 29 Jan 2021 07:12:39 GMT"
"Crude Oil, Gold Prices at the Mercy of Risk Trends Ahead of US GDP Data - DailyFX","Crude Oil, Gold Prices at the Mercy of Risk Trends Ahead of US GDP DataDailyFXView Full coverage on Google News","https://a.c-dn.net/b/3z2Uvk/headline_OIL_04.JPG","https://news.google.com/__i/rss/rd/articles/CBMiqAFodHRwczovL3d3dy5kYWlseWZ4LmNvbS9mb3JleC9mdW5kYW1lbnRhbC9kYWlseV9icmllZmluZy9kYWlseV9waWVjZXMvY29tbW9kaXRpZXMvMjAyMS8wMS8yOC9DcnVkZS1PaWwtR29sZC1QcmljZXMtYXQtdGhlLU1lcmN5LW9mLVJpc2stVHJlbmRzLUFoZWFkLW9mLVVTLUdEUC1EYXRhLmh0bWzSAawBaHR0cHM6Ly93d3cuZGFpbHlmeC5jb20vZm9yZXgvZnVuZGFtZW50YWwvZGFpbHlfYnJpZWZpbmcvZGFpbHlfcGllY2VzL2NvbW1vZGl0aWVzLzIwMjEvMDEvMjgvQ3J1ZGUtT2lsLUdvbGQtUHJpY2VzLWF0LXRoZS1NZXJjeS1vZi1SaXNrLVRyZW5kcy1BaGVhZC1vZi1VUy1HRFAtRGF0YS5odG1sL2FtcA?oc=5","Thu, 28 Jan 2021 06:13:08 GMT"
"Novavax Covid Vaccine Highly Effective, But Not Against South Africa Variant - NDTV","Novavax Covid Vaccine Highly Effective, But Not Against South Africa VariantNDTVView Full coverage on Google News","https://c.ndtvimg.com/2020-11/ra1pouno_novavax-reuters-650_625x300_05_November_20.jpg","https://news.google.com/__i/rss/rd/articles/CBMic2h0dHBzOi8vd3d3Lm5kdHYuY29tL3dvcmxkLW5ld3Mvbm92YXZheC1jb3ZpZC12YWNjaW5lLWhpZ2hseS1lZmZlY3RpdmUtYnV0LW5vdC1hZ2FpbnN0LXNvdXRoLWFmcmljYS12YXJpYW50LTIzNTk2ODDSAYgBaHR0cHM6Ly93d3cubmR0di5jb20vd29ybGQtbmV3cy9ub3ZhdmF4LWNvdmlkLXZhY2NpbmUtaGlnaGx5LWVmZmVjdGl2ZS1idXQtbm90LWFnYWluc3Qtc291dGgtYWZyaWNhLXZhcmlhbnQtMjM1OTY4MD9hbXA9MSZha2FtYWktcnVtPW9mZg?oc=5","Fri, 29 Jan 2021 00:29:09 GMT"
"Indigo Paints IPO: How To Check The Share Allotment Status - NDTV Profit","Indigo Paints IPO: How To Check The Share Allotment StatusNDTV ProfitView Full coverage on Google News","https://c.ndtvimg.com/2019-08/uoai23sg_sensex-nifty-bse-nse-markets_625x300_26_August_19.jpg","https://news.google.com/__i/rss/rd/articles/CBMiX2h0dHBzOi8vd3d3Lm5kdHYuY29tL2J1c2luZXNzL2luZGlnby1wYWludHMtaXBvLWhvdy10by1jaGVjay10aGUtc2hhcmUtYWxsb3RtZW50LXN0YXR1cy0yMzU5Mjc00gF0aHR0cHM6Ly93d3cubmR0di5jb20vYnVzaW5lc3MvaW5kaWdvLXBhaW50cy1pcG8taG93LXRvLWNoZWNrLXRoZS1zaGFyZS1hbGxvdG1lbnQtc3RhdHVzLTIzNTkyNzQ_YW1wPTEmYWthbWFpLXJ1bT1vZmY?oc=5","Thu, 28 Jan 2021 08:13:38 GMT"
"Price of Gold Fundamental Daily Forecast - Slow Pace of US Economic Recovery Troubling Fed, Gold Traders - FX Empire","Price of Gold Fundamental Daily Forecast - Slow Pace of US Economic Recovery Troubling Fed, Gold TradersFX EmpireView Full coverage on Google News","https://responsive.fxempire.com/width/600/webp-lossy-70.q50/_fxempire_/2021/01/Federal-Reserve-Gold-3.jpeg","https://news.google.com/__i/rss/rd/articles/CBMilwFodHRwczovL3d3dy5meGVtcGlyZS5jb20vZm9yZWNhc3RzL2FydGljbGUvcHJpY2Utb2YtZ29sZC1mdW5kYW1lbnRhbC1kYWlseS1mb3JlY2FzdC1zbG93LXBhY2Utb2YtdXMtZWNvbm9taWMtcmVjb3ZlcnktdHJvdWJsaW5nLWZlZC1nb2xkLXRyYWRlcnMtNjk2ODg30gEA?oc=5","Thu, 28 Jan 2021 13:32:22 GMT"
"Tata Safari 2021: All Details In 10 Images - ZigWheels.com","Tata Safari 2021: All Details In 10 ImagesZigWheels.comView Full coverage on Google News","https://media.zigcdn.com/media/content/2021/Jan/zw-tata-safari-front.jpg","https://news.google.com/__i/rss/rd/articles/CBMiXWh0dHBzOi8vd3d3LnppZ3doZWVscy5jb20vbmV3cy1mZWF0dXJlcy9uZXdzL3RhdGEtc2FmYXJpLTIwMjEtYWxsLWRldGFpbHMtaW4tMTAtaW1hZ2VzLzQwOTc2L9IBZmh0dHBzOi8vd3d3LnppZ3doZWVscy5jb20vbmV3cy1mZWF0dXJlcy9uZXdzL3RhdGEtc2FmYXJpLTIwMjEtYWxsLWRldGFpbHMtaW4tMTAtaW1hZ2VzLzQwOTc2Lz9pc19hbXA9MQ?oc=5","Wed, 27 Jan 2021 08:51:18 GMT"
"Share Market Highlights: Sensex ends 535 points lower, Nifty just above 13,800; HUL, Maruti top drags - The Financial Express","Share Market Highlights: Sensex ends 535 points lower, Nifty just above 13,800; HUL, Maruti top dragsThe Financial ExpressView Full coverage on Google News","https://images.financialexpress.com/2021/01/highvaluation.jpg","https://news.google.com/__i/rss/rd/articles/CBMirwFodHRwczovL3d3dy5maW5hbmNpYWxleHByZXNzLmNvbS9tYXJrZXQvc2hhcmUtbWFya2V0LXRvZGF5LWxpdmUtdXBkYXRlcy1zZW5zZXgtbmlmdHktcnVwZWUtdnMtZG9sbGFyLXNneC1uaWZ0eS1zdG92ZS1rcmFmdC1pbml0aWFsLXB1YmxpYy1vZmZlcmluZy1qYW51YXJ5LTI4LXRodXJzZGF5LzIxODAzMTcv0gG0AWh0dHBzOi8vd3d3LmZpbmFuY2lhbGV4cHJlc3MuY29tL21hcmtldC9zaGFyZS1tYXJrZXQtdG9kYXktbGl2ZS11cGRhdGVzLXNlbnNleC1uaWZ0eS1ydXBlZS12cy1kb2xsYXItc2d4LW5pZnR5LXN0b3ZlLWtyYWZ0LWluaXRpYWwtcHVibGljLW9mZmVyaW5nLWphbnVhcnktMjgtdGh1cnNkYXkvMjE4MDMxNy9saXRlLw?oc=5","Thu, 28 Jan 2021 10:22:19 GMT"
"NPCI Not RBI Responsible To Ensure UPI Platforms Comply With Regulations : Reserve Bank Tells Supreme... - Live Law - Indian Legal News","NPCI Not RBI Responsible To Ensure UPI Platforms Comply With Regulations : Reserve Bank Tells Supreme...Live Law - Indian Legal NewsView Full coverage on Google News","https://www.livelaw.in/h-upload/images/reserve-bank-of-india.jpg","https://news.google.com/__i/rss/rd/articles/CBMieWh0dHBzOi8vd3d3LmxpdmVsYXcuaW4vdG9wLXN0b3JpZXMvc3VwcmVtZS1jb3VydC1hZmZpZGF2aXQtcmJpLWRhdGEtcHJvdGVjdGlvbi11cGktcGxhdGZvcm0tYW1hem9uLWdvb2dsZS13aGF0c2FwcC0xNjkwMzLSAX1odHRwczovL3d3dy5saXZlbGF3LmluL2FtcC90b3Atc3Rvcmllcy9zdXByZW1lLWNvdXJ0LWFmZmlkYXZpdC1yYmktZGF0YS1wcm90ZWN0aW9uLXVwaS1wbGF0Zm9ybS1hbWF6b24tZ29vZ2xlLXdoYXRzYXBwLTE2OTAzMg?oc=5","Thu, 28 Jan 2021 10:17:14 GMT"
"January expected to see record GST collection: Report - Moneycontrol.com","January expected to see record GST collection: ReportMoneycontrol.com","https://images.moneycontrol.com/static-mcnews/2018/05/GST-1-770x433.jpg","https://news.google.com/__i/rss/rd/articles/CBMidGh0dHBzOi8vd3d3Lm1vbmV5Y29udHJvbC5jb20vbmV3cy9idXNpbmVzcy9lY29ub215L2phbnVhcnktZXhwZWN0ZWQtdG8tc2VlLXJlY29yZC1nc3QtY29sbGVjdGlvbi1yZXBvcnQtNjQxMjc0MS5odG1s0gF4aHR0cHM6Ly93d3cubW9uZXljb250cm9sLmNvbS9uZXdzL2J1c2luZXNzL2Vjb25vbXkvamFudWFyeS1leHBlY3RlZC10by1zZWUtcmVjb3JkLWdzdC1jb2xsZWN0aW9uLXJlcG9ydC02NDEyNzQxLmh0bWwvYW1w?oc=5","Fri, 29 Jan 2021 03:04:00 GMT"
"4 factors that will make India investors' favourite among emerging markets - Moneycontrol.com","4 factors that will make India investors' favourite among emerging marketsMoneycontrol.com","https://images.moneycontrol.com/static-mcnews/2018/10/US-Dollar-emerging-markets-770x433.jpg","https://news.google.com/__i/rss/rd/articles/CBMiiQFodHRwczovL3d3dy5tb25leWNvbnRyb2wuY29tL25ld3MvYnVzaW5lc3MvbWFya2V0cy80LWZhY3RvcnMtdGhhdC13aWxsLW1ha2UtaW5kaWEtaW52ZXN0b3JzLWZhdm91cml0ZS1hbW9uZy1lbWVyZ2luZy1tYXJrZXRzLTY0MDQ4MzEuaHRtbNIBjQFodHRwczovL3d3dy5tb25leWNvbnRyb2wuY29tL25ld3MvYnVzaW5lc3MvbWFya2V0cy80LWZhY3RvcnMtdGhhdC13aWxsLW1ha2UtaW5kaWEtaW52ZXN0b3JzLWZhdm91cml0ZS1hbW9uZy1lbWVyZ2luZy1tYXJrZXRzLTY0MDQ4MzEuaHRtbC9hbXA?oc=5","Thu, 28 Jan 2021 07:57:00 GMT"
"Shapoorji Pallonji to invest Rs 4,000 crore for real estate project in Pune - Moneycontrol.com","Shapoorji Pallonji to invest Rs 4,000 crore for real estate project in PuneMoneycontrol.comView Full coverage on Google News","https://images.moneycontrol.com/static-mcnews/2021/01/shapoorji-677x435.jpg","https://news.google.com/__i/rss/rd/articles/CBMijgFodHRwczovL3d3dy5tb25leWNvbnRyb2wuY29tL25ld3MvYnVzaW5lc3MvcmVhbC1lc3RhdGUvc2hhcG9vcmppLXBhbGxvbmppLXRvLWludmVzdC1ycy00MDAwLWNyb3JlLWZvci1yZWFsLWVzdGF0ZS1wcm9qZWN0LWluLXB1bmUtNjQwNzA1MS5odG1s0gGSAWh0dHBzOi8vd3d3Lm1vbmV5Y29udHJvbC5jb20vbmV3cy9idXNpbmVzcy9yZWFsLWVzdGF0ZS9zaGFwb29yamktcGFsbG9uamktdG8taW52ZXN0LXJzLTQwMDAtY3JvcmUtZm9yLXJlYWwtZXN0YXRlLXByb2plY3QtaW4tcHVuZS02NDA3MDUxLmh0bWwvYW1w?oc=5","Thu, 28 Jan 2021 07:38:00 GMT"
"Emami share price gains after Q3 profit rises 45%; CLSA downgrades stock to outperform - Moneycontrol.com","Emami share price gains after Q3 profit rises 45%; CLSA downgrades stock to outperformMoneycontrol.comView Full coverage on Google News","https://images.moneycontrol.com/static-mcnews/2017/05/Emami_1280-1-770x433.jpg","https://news.google.com/__i/rss/rd/articles/CBMikwFodHRwczovL3d3dy5tb25leWNvbnRyb2wuY29tL25ld3MvYnVzaW5lc3Mvc3RvY2tzL2VtYW1pLXNoYXJlLXByaWNlLWdhaW5zLWFmdGVyLXEzLXByb2ZpdC1yaXNlcy00NS1jbHNhLWRvd25ncmFkZXMtc3RvY2stdG8tb3V0cGVyZm9ybS02NDA2MTMxLmh0bWzSAZcBaHR0cHM6Ly93d3cubW9uZXljb250cm9sLmNvbS9uZXdzL2J1c2luZXNzL3N0b2Nrcy9lbWFtaS1zaGFyZS1wcmljZS1nYWlucy1hZnRlci1xMy1wcm9maXQtcmlzZXMtNDUtY2xzYS1kb3duZ3JhZGVzLXN0b2NrLXRvLW91dHBlcmZvcm0tNjQwNjEzMS5odG1sL2FtcA?oc=5","Thu, 28 Jan 2021 03:48:00 GMT"
"Digital technology now core to resilience, business continuity: Satya Nadella - Moneycontrol","Digital technology now core to resilience, business continuity: Satya NadellaMoneycontrolView Full coverage on Google News","https://images.moneycontrol.com/static-mcnews/2019/01/Satya-Nadella-770x433.jpg","https://news.google.com/__i/rss/rd/articles/CBMigwFodHRwczovL3d3dy5tb25leWNvbnRyb2wuY29tL25ld3MvYnVzaW5lc3MvZGlnaXRhbC10ZWNobm9sb2d5LW5vdy1jb3JlLXRvLXJlc2lsaWVuY2UtYnVzaW5lc3MtY29udGludWl0eS1zYXR5YS1uYWRlbGxhLTY0MTI3MzEuaHRtbNIBhwFodHRwczovL3d3dy5tb25leWNvbnRyb2wuY29tL25ld3MvYnVzaW5lc3MvZGlnaXRhbC10ZWNobm9sb2d5LW5vdy1jb3JlLXRvLXJlc2lsaWVuY2UtYnVzaW5lc3MtY29udGludWl0eS1zYXR5YS1uYWRlbGxhLTY0MTI3MzEuaHRtbC9hbXA?oc=5","Fri, 29 Jan 2021 02:40:00 GMT"
"[Funding alert] Bengaluru B2B healthtech startup Saveo raises $4M led by Matrix Partners India, RTP Global, ot - YourStory","[Funding alert] Bengaluru B2B healthtech startup Saveo raises $4M led by Matrix Partners India, RTP Global, otYourStoryView Full coverage on Google News","https://images.yourstory.com/cs/2/a9efa9c02dd911e9adc52d913c55075e/Saveo-1611835129881.jpg?fm=png&auto=format","https://news.google.com/__i/rss/rd/articles/CBMiXmh0dHBzOi8veW91cnN0b3J5LmNvbS8yMDIxLzAxL2JlbmdhbHVydS1iMmItaGVhbHRodGVjaC1zdGFydHVwLWZ1bmRpbmctc2F2ZW8tNG0tbWF0cml4LXBhcnRuZXLSAWJodHRwczovL3lvdXJzdG9yeS5jb20vMjAyMS8wMS9iZW5nYWx1cnUtYjJiLWhlYWx0aHRlY2gtc3RhcnR1cC1mdW5kaW5nLXNhdmVvLTRtLW1hdHJpeC1wYXJ0bmVyL2FtcA?oc=5","Thu, 28 Jan 2021 22:47:53 GMT"
"Triumph Speed Triple 1200 RS launched at Rs. 16.95 lakh - Team-BHP","Triumph Speed Triple 1200 RS launched at Rs. 16.95 lakhTeam-BHPView Full coverage on Google News","https://www.team-bhp.com/sites/default/files/styles/large/public/20210128_124539.jpg","https://news.google.com/__i/rss/rd/articles/CBMiUGh0dHBzOi8vd3d3LnRlYW0tYmhwLmNvbS9uZXdzL3RyaXVtcGgtc3BlZWQtdHJpcGxlLTEyMDAtcnMtbGF1bmNoZWQtcnMtMTY5NS1sYWto0gFUaHR0cHM6Ly93d3cudGVhbS1iaHAuY29tL25ld3MvdHJpdW1waC1zcGVlZC10cmlwbGUtMTIwMC1ycy1sYXVuY2hlZC1ycy0xNjk1LWxha2g_YW1w?oc=5","Thu, 28 Jan 2021 09:33:05 GMT"
